,Peptides,SWISSPROT accession number,Cleavage samples,Non-cleavage samples
0,QVPLRPMTYKAAVDLSHFLKEKGGLEGLIHSQ,NEF HVIPV   73,YKAAVDLSHFLKEKGGLEGLIHSQRRQD,PLRPMTYKAAVDLSHFLKEKGGLEGLIH
1,PAATLEEMMTACQGVGGPGHKARVLAEAMSQ,GAG_HVIBR  338,MMTACQGVGGPGHKARVLAEAMSQVTNS,ATLEEMMTACQGVGGPGHKARVLAEAMS
2,EAIRFIGRAMADRGLLRDIKAKTAYEKIL,VNUC_INBAA  253,GRAMADRGLLRDIKAKTAYEKILLNLKN,AIRFIGRAMADRGLLRDIKAKTAYEKIL
3,LLGMLMICSAAENLWVTVYYGVPVWKDATT,ENV HVIS3   20,CSAAENLWVTVYYGVPVWKDATTTLFCA,GMLMICSAAENLWVTVYYGVPVWKDATT
4,VLEWRFDSRLAFHHVARELHPEYFKNC,NEF HVIBR  180,,
5,MELAALCRWGLLLALLPPGAAST,ERB2 HUMAN  1,,
6,THTVPIYEGYALPHAILRLDLAGRDLTDY,ACTB_HUMAN  160,IYEGYALPHAILRLDLAGRDLTDYLMKI,HTVPIYEGYALPHAILRLDLAGRDLTDY
7,TAPPAHGVTSAPDTRPAPGSTAPPAHGV,MUCl_HUMAN  131,AHGVTSAPDTRPAPGSTAPPAHGVTSAP,TAPPAHGVTSAPDTRPAPGSTAPPAHGV
8,TALLKIEGVYARDETEFYLGKRCAYVYKA,R35A HUMAN  25,IEGVYARDETEFYLGKRCAYVYKAKNNT,ALLKIEGVYARDETEFYLGKRCAYVYKA
9,QAPSNRVMIPATIGTAMYKLLKHSRVRAY,BRLl EBV  124,RVMIPATIGTAMYKLLKHSRVRAYTYSK,APSNRVMIPATIGTAMYKLLKHSRVRAY
10,VFDNKFHIIGAVGIGIAVVMIFGMIFSMI,CD9_HUMAN  187,FHIIGAVGIGIAVVMIFGMIFSMILLCA,FDNKFHIIGAVGIGIAVVMIFGMIFSMI
11,LVVSFVVGGLAVILPPLSPYFKYSVMINKATP,NI9M HUMAN  19,GLAVILPPLSPYFKYSVMINKATPYNYP,VSFVVGGLAVILPPLSPYFKYSVMINKA
12,LAAGWPMGYQAYSSWMYSYTDHQTTPTFV,EBN3 EBV   34,PMGYQAYSSWMYSYTDHQTTPTFVHLQA,AAGWPMGYQAYSSWMYSYTDHQTTPTFV
13,YGGISLLSEFCRVLCCYVLEETSVMLAKR,VIEl_HCMVA  299,LLSEFCRVLCCYVLEETSVMLAKRPLIT,GGISLLSEFCRVLCCYVLEETSVMLAKR
14,GGIGRFYIQMCTELKLSDYEGRLIQNSLT,VNUC_IAPUE  34,FYIQMCTELKLSDYEGRLIQNSLTIERM,GIGRFYIQMCTELKLSDYEGRLIQNSLT
15,CGIAVGTTIVDADKYAVTVETRLIDERAA,OMIE_CHLTR  357,GTTIVDADKYAVTVETRLIDERAAHVNA,GIAVGTTIVDADKYAVTVETRLIDERAA
16,IGKMRYVSVRDFKGKVLIDIREYWMDPE,P15 HUMAN   65,RYVSVRDFKGKVLIDIREYWMDPEGEMK,IGKMRYVSVRDFKGKVLIDIREYWMDPE
17,EELFDFLHARDHCVAHKLFNNLK,UCRH HUMAN  69,,
18,ATLCSALYVGDLCGSVFLVGQLFTFSPRR,POLG_HCV1   269,ALYVGDLCGSVFLVGQLFTFSPRRHWTT,TLCSALYVGDLCGSVFLVGQLFTFSPRR
19,DVDNASLARLDLERKVESLQEEIAFLKKL,VIME HUMAN  208,SLARLDLERKVESLQEEIAFLKKLHEEE,VDNASLARLDLERKVESLQEEIAFLKKL
20,VIDTLTCGFADLMGYIPLVGAPLGGAARA,POLG HCV1   122,TCGFADLMGYIPLVGAPLGGAARALAHG,IDTLTCGFADLMGYIPLVGAPLGGAARA
21,SALSEGATPQDLNTMLNTVGGHQAAMQML,GAG_HVIBR  172,GATPQDLNTMLNTVGGHQAAMQMLKETI,ALSEGATPQDLNTMLNTVGGHQAAMQML
22,YLEYRQVPDSDPARYEFLWGPRALAETSY,MAGl HUMAN  248,QVPDSDPARYEFLWGPRALAETSYVKVL,LEYRQVPDSDPARYEFLWGPRALAETSY
23,IVKNIDDGTSDRPYSHALVAGIDRYPRK,RL27_HUMAN  24,IDDGTSDRPYSHALVAGIDRYPRKVTAA,IVKNIDDGTSDRPYSHALVAGIDRYPRK
24,RDYFEEYGKIDTIEIITDRQSGKKRGFGF,ROA2 HUMAN  129,EYGKIDTIEIITDRQSGKKRGFGFVTFD,DYFEEYGKIDTIEIITDRQSGKKRGFGF
25,KEALLDTGADDTVLEEMNLPGKWKPKMIG,POL HVIRH   75,DTGADDTVLEEMNLPGKWKPKMIGGIGG,EALLDTGADDTVLEEMNLPGKWKPKMIG
26,YARKRSAHTNDVKQLTEVVQKVSTESIVI,POL HVIU4   508,SAHTNDVKQLTEVVQKVSTESIVIWGKI,ARKRSAHTNDVKQLTEVVQKVSTESIVI
27,IKKQLGSLVSDYCNVLNKEFTAGSVEITLR,BRLl EBV     18,SLVSDYCNVLNKEFTAGSVEITLRSYKI,KKQLGSLVSDYCNVLNKEFTAGSVEITL
28,LVKTGTITTFEHAHNMRVMKFSVSPVVRV,EF2 HUMAN  479,TITTFEHAHNMRVMKFSVSPVVRVAVEA,VKTGTITTFEHAHNMRVMKFSVSPVVRV
29,ATLYCVHQRIEIKDTKEALDKIEEEQNKS,GAG_HVIBR  82,VHQRIEIKDTKEALDKIEEEQNKSKKKA,TLYCVHQRIEIKDTKEALDKIEEEQNKS
30,AMKAYINKVEELKKKYGI,ACBP HUMAN  69,,
31,RGRERFEMFRELNEALELKDAQAGKEPGG,P53 HUMAN   333,FEMFRELNEALELKDAQAGKEPGGSRAH,GRERFEMFRELNEALELKDAQAGKEPGG
32,LVKLWYQLEKEPIVGAETFYVDGAASRETK,POL HVIBR   589,QLEKEPIVGAETFYVDGAASRETKLGKA,VKLWYQLEKEPIVGAETFYVDGAASRET
33,AQQNNVEHKVETFSGVYKKLTGKDVNFEF,RS7_HUMAN   161,VEHKVETFSGVYKKLTGKDVNFEFPEFQ,QQNNVEHKVETFSGVYKKLTGKDVNFEF
34,QLEKEPIVGAETFYVDGAANRETKLGKAGYV,POL HVIA2    583,VGAETFYVDGAANRETKLGKAGYVTDRG,EKEPIVGAETFYVDGAANRETKLGKAGY
35,GHQAAMQMLKETINEEAAEWDRVHPVHAGP,GAG_HVIBR  192,QMLKETINEEAAEWDRVHPVHAGPIAPG,HQAAMQMLKETINEEAAEWDRVHPVHAG
36,VCMFLASKLKETSPLTAEKLCIYTDNSIKP,CGD2 HUMAN  104,SKLKETSPLTAEKLCIYTDNSIKPQELL,CMFLASKLKETSPLTAEKLCIYTDNSIK
37,PSLRILYMTDEVNDPSLTIKSIGHQWYWTY,COX2 HUMAN  79,YMTDEVNDPSLTIKSIGHQWYWTYEYTD,SLRILYMTDEVNDPSLTIKSIGHQWYWT
38,FIMESGAKGCEVVVSGKLRGQRAKSMKFV,RS3 HUMAN   125,GAKGCEVVVSGKLRGQRAKSMKFVDGLM,IMESGAKGCEVVVSGKLRGQRAKSMKFV
39,EGQELSDEDDEVYQVTVYQAGESDTDSF,MDM2 HUMAN  264,LSDEDDEVYQVTVYQAGESDTDSFEEDP,EGQELSDEDDEVYQVTVYQAGESDTDSF
40,KTTDGYLLRLFCVGFTKKRNNQIRKTSYA,RS3A HUMAN  127,YLLRLFCVGFTKKRNNQIRKTSYAQHQQ,TTDGYLLRLFCVGFTKKRNNQIRKTSYA
41,SLDKLKEVKEFLGENISNFLSLAGNTYQLT,APLl_HUMAN  232,EVKEFLGENISNFLSLAGNTYQLTRGIG,LDKLKEVKEFLGENISNFLSLAGNTYQL
42,AIKWEYVVLLFLLLADARVCSCLWMMLLI,POLG HCV1   713,YVVLLFLLLADARVCSCLWMMLLISQAE,IKWEYVVLLFLLLADARVCSCLWMMLLI
43,GPLLVLQAGFFLLTRILTIPQSLDSWWTS,VMSA HPBVW  173,LQAGFFLLTRILTIPQSLDSWWTSLNFL,PLLVLQAGFFLLTRILTIPQSLDSWWTS
44,MPAWGALFLLWATAEATKDCPSPCTC,GPIX_HUMAN  1,AWGALFLLWATAEATKDCPSPCTCRALE,
45,EFGATVELLSFLPSDFFPSVRDLLDTVSAL,CORA_HPBVJ  8,ELLSFLPSDFFPSVRDLLDTVSALYREA,FGATVELLSFLPSDFFPSVRDLLDTVSA
46,SGWGSIEPEEFLTPKKLQCVDLHVISNDVC,KLK3 HUMAN  155,EPEEFLTPKKLQCVDLHVISNDVCAQVH,GWGSIEPEEFLTPKKLQCVDLHVISNDV
47,VPNSDPPRYQFLWGPRAYAETTKMKVLEF,MGBl_HUMAN  260,PPRYQFLWGPRAYAETTKMKVLEFLAKM,PNSDPPRYQFLWGPRAYAETTKMKVLEF
48,QQYRNWFLKEFPRLKSKLEDNIRRLRAL,APLl_HUMAN  119,NWFLKEFPRLKSKLEDNIRRLRALADGV,QQYRNWFLKEFPRLKSKLEDNIRRLRAL
49,LDIRQGPKEPFRDYVDRFYKTLRAEQASQE,GAG_HVIBR  282,PKEPFRDYVDRFYKTLRAEQASQEVKNW,DIRQGPKEPFRDYVDRFYKTLRAEQASQ
50,RAFTEEGAIVGEISPLPSLPGHTDEDVKN,VNSl IAMAN   148,EGAIVGEISPLPSLPGHTDEDVKNAIGV,AFTEEGAIVGEISPLPSLPGHTDEDVKN
51,HHNLLVCSVSGFYPGSIEVRWFRNGQEEK,HB2F_HUMAN  140,,
52,TVLIIKSLRSGHDPRAQGTL,HA2Q_HUMAN  241,,
53,KNTMMRKAIRGHLENNPALEKLLPHIRGN,RLAO HUMAN  57,RKAIRGHLENNPALEKLLPHIRGNVGFV,NTMMRKAIRGHLENNPALEKLLPHIRGN
54,DLNTMLNTVGGHQAAMQMLKETINEEAAE,GAG_HVIBR  182,LNTVGGHQAAMQMLKETINEEAAEWDRV,LNTMLNTVGGHQAAMQMLKETINEEAAE
55,PHHERCSDSDGLAPPQHLIRVEGNLRVEYLD,P53 HUMAN   177,DSDGLAPPQHLIRVEGNLRVEYLDDRNT,HERCSDSDGLAPPQHLIRVEGNLRVEYL
56,DARMQAIQNAGLCTLVAMLEETIFWLQEI,IE63 EBV      249,AIQNAGLCTLVAMLEETIFWLQEITYHG,ARMQAIQNAGLCTLVAMLEETIFWLQEI
57,IKARAACRAAGLQDCTMLVCGDDLVVICE,POLG_HCV1   2717,ACRAAGLQDCTMLVCGDDLVVICESAGV,KARAACRAAGLQDCTMLVCGDDLVVICE
58,NSASILPEMEGLSEFTEYLSESVEVPSPF,MAPB HUMAN  215,LPEMEGLSEFTEYLSESVEVPSPFDILE,SASILPEMEGLSEFTEYLSESVEVPSPF
59,LLVPFVQWFVGLSPTVWLSVIWMMWYWGPS,VMSA HPBVJ  338,QWFVGLSPTVWLSVIWMMWYWGPSLYNI,LVPFVQWFVGLSPTVWLSVIWMMWYWGP
60,AMPHLLVGSSGLSRYVARLSSNSRIINHQ,DPOL HPBVJ  443,LVGSSGLSRYVARLSSNSRIINHQHGTM,MPHLLVGSSGLSRYVARLSSNSRIINHQ
61,VPVKLKPGMDGPKVKQWPLTEEKIKALVE,POL HVIBR   175,KPGMDGPKVKQWPLTEEKIKALVEICTE,PVKLKPGMDGPKVKQWPLTEEKIKALVE
62,VGGVYLLPRRGPRLGVRATRKTSERSQPR,POLG HCVH  31,LLPRRGPRLGVRATRKTSERSQPRGRRQ,GGVYLLPRRGPRLGVRATRKTSERSQPR
63,PPVLQPIQVMGQGGSPTAMAASAVTQAPT,EBN4 EBV    821,PIQVMGQGGSPTAMAASAVTQAPTEYTR,PVLQPIQVMGQGGSPTAMAASAVTQAPT
64,RPQDVKFPGGGQIVGGVYLLPRRGPRLGV,POLG_HCVH   18,KFPGGGQIVGGVYLLPRRGPRLGVRATR,PQDVKFPGGGQIVGGVYLLPRRGPRLGV
65,NRFGMDKIYEGQVEVTGDEYNVESIDGQPG,RL5 HUMAN  110,KIYEGQVEVTGDEYNVESIDGQPGAFTC,RFGMDKIYEGQVEVTGDEYNVESIDGQP
66,IGYSEKDRFQGRFDVKIEVKS,ATNB HUMAN  283,,
67,DAVKVTLGPKGRNVVLDKSFGSPTITKDG,CH60_YEREN  25,TLGPKGRNVVLDKSFGSPTITKDGVSVA,AVKVTLGPKGRNVVLDKSFGSPTITKDG
68,LIVTRIVELLGRRGWEALKYWWNLLQYWSQ,ENV HVIBR   781,VELLGRRGWEALKYWWNLLQYWSQELKN,IVTRIVELLGRRGWEALKYWWNLLQYWS
69,IFHKDLCQAQGVALQTMKQEFLINLVKQK,FETA HUMAN  532,LCQAQGVALQTMKQEFLINLVKQKPQIT,FHKDLCQAQGVALQTMKQEFLINLVKQK
70,SAGATVGIMIGVLVGVALI,CEA5 HUMAN  684,,
71,EEIWEELGVMGVYDGREHTVYGEPRKLLTQ,MAG4_HUMAN  220,LGVMGVYDGREHTVYGEPRKLLTQDWVQ,EIWEELGVMGVYDGREHTVYGEPRKLLT
72,YYAMLAKTGVHHYSGNNIELGTACGKYYRV,RL30_HUMAN  61,KTGVHHYSGNNIELGTACGKYYRVCTLA,YAMLAKTGVHHYSGNNIELGTACGKYYR
73,MNHLGNVKYLVIVFLIFFDLF,TRAP PLAFA  1,,
74,TLPALSTGLIHLHQNIVDVQYLYGVGSSI,POLG_HCV1   681,STGLIHLHQNIVDVQYLYGVGSSIASWA,LPALSTGLIHLHQNIVDVQYLYGVGSSI
75,WQKLETFWAKHMWNFISGIQYLAGLSTLP,POLG HCV1   1754,TFWAKHMWNFISGIQYLAGLSTLPGNPA,QKLETFWAKHMWNFISGIQYLAGLSTLP
76,TKILEPFRSQHPDIVIYQYMDDLYVGSDL,POL HVIU4    319,PFRSQHPDIVIYQYMDDLYVGSDLEIGQ,KILEPFRSQHPDIVIYQYMDDLYVGSDL
77,ATPPGSVTVPHPNIEEVALSTTGEIPFYG,POLG HCV1   1349,SVTVPHPNIEEVALSTTGEIPFYGKAIP,TPPGSVTVPHPNIEEVALSTTGEIPFYG
78,RPPPGRRPFFHPVGEADYFEYHQEGGPDGEP,EBNl EBV    397,PFFHPVGEADYFEYHQEGGPDGEPDVPP,PPGRRPFFHPVGEADYFEYHQEGGPDGE
79,EFIWMCMTVRHRCQAIRKKPLPIVKQRRW,EBN4 EBV    139,CMTVRHRCQAIRKKPLPIVKQRRWKLLS,FIWMCMTVRHRCQAIRKKPLPIVKQRRW
80,IKGGRHLIFCHSKKKCDELAAKLVALGIN,POLG_HCV1  1385,HLIFCHSKKKCDELAAKLVALGINAVAY,KGGRHLIFCHSKKKCDELAAKLVALGIN
81,TLIGANASFSIALNFPGSQKVLPDGQVIWV,PM17 HUMAN  76,ASFSIALNFPGSQKVLPDGQVIWVNNTI,LIGANASFSIALNFPGSQKVLPDGQVIW
82,GYIKGIVKDIIHDPGRGAPLAKVVFRDPYR,RL8 HUMAN  39,VKDIIHDPGRGAPLAKVVFRDPYRFKKR,YIKGIVKDIIHDPGRGAPLAKVVFRDPY
83,EAFSKNLKLGIHEDSTNRRRLSELLRYHTSQ,HS9B HUMAN  430,KLGIHEDSTNRRRLSELLRYHTSQSGDE,FSKNLKLGIHEDSTNRRRLSELLRYHTS
84,FLLSLRGAGAIKADHVSTYAAFVQTHRPT,HA2Q_HUMAN  22,RGAGAIKADHVSTYAAFVQTHRPTGEFM,LLSLRGAGAIKADHVSTYAAFVQTHRPT
85,SVGLGKVLIDILAGYGAGVAGALVAFKIM,POLG_HCV1   1841,KVLIDILAGYGAGVAGALVAFKIMSGEV,VGLGKVLIDILAGYGAGVAGALVAFKIM
86,PAAEHRLREEILAKFLHWLMSVYVVELLR,TERT HUMAN  530,RLREEILAKFLHWLMSVYVVELLRSFFY,AAEHRLREEILAKFLHWLMSVYVVELLR
87,TRVESENKVVILDSFDPLVAEEDEREISV,POLG HCV1   2242,ENKVVILDSFDPLVAEEDEREISVPAEI,RVESENKVVILDSFDPLVAEEDEREISV
88,WDVLKGSRVSILFGHENRVSTLRVSPDGT,GBB5_HUMAN  310,GSRVSILFGHENRVSTLRVSPDGTAFCS,DVLKGSRVSILFGHENRVSTLRVSPDGT
89,RPILSPLTKGILGFVFTLTVPSERGLQRRR,VMTl_IAPUE  49,LTKGILGFVFTLTVPSERGLQRRRFVQN,PILSPLTKGILGFVFTLTVPSERGLQRR
90,PVGEIYKRWIILGLNKIVRMYSPTSILDIRQ,GAG_HVIBR  256,RWIILGLNKIVRMYSPTSILDIRQGPKE,GEIYKRWIILGLNKIVRMYSPTSILDIR
91,FQNLQVIRGRILHNGAYSLTLQGLGISWL,ERB2 HUMAN  425,VIRGRILHNGAYSLTLQGLGISWLGLRS,QNLQVIRGRILHNGAYSLTLQGLGISWL
92,SSIVYEAADAILHTPGCVPCVREGNASR,POLG_HCV1   210,YEAADAILHTPGCVPCVREGNASRCWVA,SSIVYEAADAILHTPGCVPCVREGNASR
93,AELELAENREILKEPVHGVYYDPSKDLIAE,POL HVIBR   466,ENREILKEPVHGVYYDPSKDLIAEIQKQ,ELELAENREILKEPVHGVYYDPSKDLIA
94,DLTFLARSALILRGSVAHKSCLPACVYGP,VNUC IAPUE   255,ARSALILRGSVAHKSCLPACVYGPAVAS,LTFLARSALILRGSVAHKSCLPACVYGP
95,GPLCIRMDQAIMDKNIILKANFSVIFDRLE,VNSl IAPUE   113,MDQAIMDKNIILKANFSVIFDRLETLIL,PLCIRMDQAIMDKNIILKANFSVIFDRL
96,LRGTKALTEVIPLTEEAELELAENREILK,POL HVIA2   438,ALTEVIPLTEEAELELAENREILKEPVH,RGTKALTEVIPLTEEAELELAENREILK
97,VQGACRAIRHIPRRIRQGLERILL,ENV_HVIBR  838,,
98,GVVAGGGVALIRAASAITAAGLKGDNEDQ,CH60_YEREN  410,GGVALIRAASAITAAGLKGDNEDQNVGI,VVAGGGVALIRAASAITAAGLKGDNEDQ
99,GVDIRHNKDRKVRRKEPKSQDI,RL18_HUMAN  1,,
100,KISKGANPVEIRRGVMLAVDAVIAELKKQ,CH60 HUMAN  130,ANPVEIRRGVMLAVDAVIAELKKQSKPV,ISKGANPVEIRRGVMLAVDAVIAELKKQ
101,AIGCVRNLKQIVDCLTEMYYMGTAITTCE,FAFY HUMAN  1511,RNLKQIVDCLTEMYYMGTAITTCEALTE,IGCVRNLKQIVDCLTEMYYMGTAITTCE
102,LHPDKWTVQPIVLPEKDSWTVNDIQKLVG,POL HVIBR   401,WTVQPIVLPEKDSWTVNDIQKLVGKLNW,HPDKWTVQPIVLPEKDSWTVNDIQKLVG
103,KQGQGQWTYQIYQEPFKNLKTGKYARTRGA,POL HVIBR   498,WTYQIYQEPFKNLKTGKYARTRGAHTND,QGQGQWTYQIYQEPFKNLKTGKYARTRG
104,LNAWVKVVEEKAFSPEVIPMFSALSEGATPQ,GAG_HVIBR  151,VEEKAFSPEVIPMFSALSEGATPQDLNT,AWVKVVEEKAFSPEVIPMFSALSEGATP
105,IGVGAYGTVYKARDPHSGHFVALKSVRVPNG,CDK4 HUMAN  12,TVYKARDPHSGHFVALKSVRVPNGGGGG,VGAYGTVYKARDPHSGHFVALKSVRVPN
106,IPYWDWRDAEKCDICTDEYMGGQHPTNPN,TYRO HUMAN  233,WRDAEKCDICTDEYMGGQHPTNPNLLSP,PYWDWRDAEKCDICTDEYMGGQHPTNPN
107,ANIQEFAGCKKIFGSLAFLPESFDGDPAS,ERB2 HUMAN  359,FAGCKKIFGSLAFLPESFDGDPASNTAP,NIQEFAGCKKIFGSLAFLPESFDGDPAS
108,CGHEALTGTEKLIETYFSKNYQDYEYLIN,MYPR HUMAN  34,LTGTEKLIETYFSKNYQDYEYLINVIHA,GHEALTGTEKLIETYFSKNYQDYEYLIN
109,LWDQSLKPCVKLTPLCVTLNCTNVNGTAV,ENV_HVIMA  110,LKPCVKLTPLCVTLNCTNVNGTAVNGTA,WDQSLKPCVKLTPLCVTLNCTNVNGTAV
110,QVRIKPGSANKPKDELDYENDIEKKICK,CSP PLAFA    358,KPGSANKPKDELDYENDIEKKICKMEKC,QVRIKPGSANKPKDELDYENDIEKKICK
111,VAAGMNPMDLKRGIDKAVIAAVEELKKLS,CH60 YEREN  107,NPMDLKRGIDKAVIAAVEELKKLSVPCS,AAGMNPMDLKRGIDKAVIAAVEELKKLS
112,KGKGDKAQIEKRIQEIIEQLDVTTSEYEK,CH60_HUMAN  359,KAQIEKRIQEIIEQLDVTTSEYEKEKLN,GKGDKAQIEKRIQEIIEQLDVTTSEYEK
113,EDQKIGIEIIKRTLKIPAMTIAKNAGVEG,CH60_HUMAN  459,GIEIIKRTLKIPAMTIAKNAGVEGSLIV,DQKIGIEIIKRTLKIPAMTIAKNAGVEG
114,FSVPLDEDFRKYTAFTIPSINNETPGIRYQ,POL HVIBR   283,EDFRKYTAFTIPSINNETPGIRYQYNVL,SVPLDEDFRKYTAFTIPSINNETPGIRY
115,GKRTEQGKEVLEKARGSTYGTPRPPVPKP,EBN3 EBV    264,QGKEVLEKARGSTYGTPRPPVPKPRPEV,KRTEQGKEVLEKARGSTYGTPRPPVPKP
116,KYAMQLEITILIVIGILILSVILYFIFCR,E311_ADE03   20,LEITILIVIGILILSVILYFIFCRQIPN,YAMQLEITILIVIGILILSVILYFIFCR
117,NLPGCSFSIFLLALLSCLTVPASAHQVRNS,POLG HCVH8  52,FSIFLLALLSCLTVPASAHQVRNSTGLY,LPGCSFSIFLLALLSCLTVPASAHQVRN
118,SYLKGSSGGPLLCPAGHAVGIFRAAVCTR,POLG_HCV1   1159,SSGGPLLCPAGHAVGIFRAAVCTRGVAK,YLKGSSGGPLLCPAGHAVGIFRAAVCTR
119,SAHFPGFGQSLLFGYPVYVFGDCVQGDWC,TAT HTLIA   6,GFGQSLLFGYPVYVFGDCVQGDWCPISG,AHFPGFGQSLLFGYPVYVFGDCVQGDWC
120,TPGTQSPFFLLLLLTVLTVVTGSGHASST,MUCl HUMAN  2,SPFFLLLLLTVLTVVTGSGHASSTPGGE,PGTQSPFFLLLLLTVLTVVTGSGHASST
121,EVCNDQVDLYLLMDCSGSIRRHNWVNHAV,TRAP PLAFA  41,QVDLYLLMDCSGSIRRHNWVNHAVPLAM,VCNDQVDLYLLMDCSGSIRRHNWVNHAV
122,LNLTTMFLLMLLWTLVVLLICSSCSSCPL,LMP2 EBV    319,MFLLMLLWTLVVLLICSSCSSCPLSKIL,NLTTMFLLMLLWTLVVLLICSSCSSCPL
123,YKCVDRLDKVLMIIPLINVTFIISSDREV,VGLH EBV    532,RLDKVLMIIPLINVTFIISSDREVRGSA,KCVDRLDKVLMIIPLINVTFIISSDREV
124,RDGNNEDNEKLRKPKHKKLKQPGDGNPDP,CSP_PLAFA   95,EDNEKLRKPKHKKLKQPGDGNPDPNANP,DGNNEDNEKLRKPKHKKLKQPGDGNPDP
125,QFLSLQCLQALYVDSLFFLRGRLDQLLRH,MAPE_HUMAN  291,QCLQALYVDSLFFLRGRLDQLLRHVMNP,FLSLQCLQALYVDSLFFLRGRLDQLLRH
126,MLLSVPLLLGLLGLAVAEPA,CRTC_HUMAN 1,,
127,MMRKLAILSVSSFLFVEALF,CSP PLAFA    1,,
128,NNQGNGQGHNMPNDPNRNVDENANANNAV,CSP_PLAFA   290,GQGHNMPNDPNRNVDENANANNAVKNNN,NQGNGQGHNMPNDPNRNVDENANANNAV
129,MVDGTLLLLSSEALALTQT,HLAE HUMAN  1,,
130,RHMQDAEMFTNAACMALNIWDRFDVFCTL,OMIE CHLTR  111,AEMFTNAACMALNIWDRFDVFCTLGASS,HMQDAEMFTNAACMALNIWDRFDVFCTL
131,ATMEELQREINAHEGQLVIARQKVRDAEK,NCAP_HANTV  2,LQREINAHEGQLVIARQKVRDAEKQYEK,TMEELQREINAHEGQLVIARQKVRDAEK
132,NWMTETLLVQNANPDCKTILKALGPAATL,GAG_HVIBR  314,TLLVQNANPDCKTILKALGPAATLEEMM,WMTETLLVQNANPDCKTILKALGPAATL
133,QPGYPWPLYGNEGLGWAGWLVSPRGSRPN,POLG_HCVTW  78,WPLYGNEGLGWAGWLVSPRGSRPNWGPT,PGYPWPLYGNEGLGWAGWLVSPRGSRPN
134,VGTLEEIIDDNHAIVSTSVGSEHYVSILS,PRS4_HUMAN  109,EIIDDNHAIVSTSVGSEHYVSILSFVDK,GTLEEIIDDNHAIVSTSVGSEHYVSILS
135,ALINVSANCPNHFEGHYQYKSIPVEDNHK,DUSl HUMAN  202,SANCPNHFEGHYQYKSIPVEDNHKADIS,LINVSANCPNHFEGHYQYKSIPVEDNHK
136,DKTVALWDLRNLKLKLHTFESHKDEIFQV,RBB7 HUMAN  294,LWDLRNLKLKLHTFESHKDEIFQVHWSP,KTVALWDLRNLKLKLHTFESHKDEIFQV
137,PPWQAGILARNLVPMVATVQGQNLKYQEFF,PP65_HCMVA  485,ILARNLVPMVATVQGQNLKYQEFFWDAN,PWQAGILARNLVPMVATVQGQNLKYQEF
138,TKILEPFRKQNPDIVIYQYMDDLYVGSDL,POL HVIBR   332,PFRKQNPDIVIYQYMDDLYVGSDLEIGQ,KILEPFRKQNPDIVIYQYMDDLYVGSDL
139,VLKIITFTKNNQFQALLQYADPVSAQHAK,PTB HUMAN  210,TFTKNNQFQALLQYADPVSAQHAKLSLD,LKIITFTKNNQFQALLQYADPVSAQHAK
140,IWGKTPKFKLPIQKETWETWWTEYWQATWI,POL HVIBR   549,KFKLPIQKETWETWWTEYWQATWIPEWE,WGKTPKFKLPIQKETWETWWTEYWQATW
141,TSSSPQPKKKPLDGEYFTLQIRGRERFEM,P53 HUMAN   312,QPKKKPLDGEYFTLQIRGRERFEMFREL,SSSPQPKKKPLDGEYFTLQIRGRERFEM
142,QEQIGWMTSNPPIPVGDIYKRWIILGLNK,GAG_HVIMA  249,WMTSNPPIPVGDIYKRWIILGLNKIVRM,EQIGWMTSNPPIPVGDIYKRWIILGLNK
143,KMPATSRPTAPPSGKGGNYPVQQIGGNYT,GAG_SIVSP   117,SRPTAPPSGKGGNYPVQQIGGNYTHLPL,MPATSRPTAPPSGKGGNYPVQQIGGNYT
144,MKQQAGIGILLALTTAICWGAL,YHBE ECOLI  1,,
145,VHFKNTRETAQAIKGMHIRKATKYLKDVT,RL17_HUMAN  24,TRETAQAIKGMHIRKATKYLKDVTLQKQ,HFKNTRETAQAIKGMHIRKATKYLKDVT
146,VQNIQGQMVHQAISPRTLNAWVKVVEEKAFS,GAG_HVIBR  134,MVHQAISPRTLNAWVKVVEEKAFSPEVI,NIQGQMVHQAISPRTLNAWVKVVEEKAF
147,DRFYKTLRAEQASQEVKNWMTETLLVQNA,GAG_HVIN5  297,TLRAEQASQEVKNWMTETLLVQNANPDC,RFYKTLRAEQASQEVKNWMTETLLVQNA
148,ATRDGKLPATQLRRHIDLLVGSATLCSALY,POLG HCV1   247,LPATQLRRHIDLLVGSATLCSALYVGDL,TRDGKLPATQLRRHIDLLVGSATLCSAL
149,QAAADTGHSSQVSQNYPIVQNIQGQMVHQ,GAG HVIBR   116,TGHSSQVSQNYPIVQNIQGQMVHQAISP,AAADTGHSSQVSQNYPIVQNIQGQMVHQ
150,SCHAASNPPAQYSWFVNGTFQQSTQELFIP,CEA5 HUMAN  258,NPPAQYSWFVNGTFQQSTQELFIPNITV,CHAASNPPAQYSWFVNGTFQQSTQELFI
151,YKNRVASRKCRAKFKQLLQHYREVAAAK,BZLF EBV    180,VASRKCRAKFKQLLQHYREVAAAKSSEN,YKNRVASRKCRAKFKQLLQHYREVAAAK
152,GISIKLQEEERERRDNYVPEVSALDQEI,RS17_HUMAN  67,KLQEEERERRDNYVPEVSALDQEIIEVD,GISIKLQEEERERRDNYVPEVSALDQEI
153,NNTRKSIRIQRGPGRAFVTIGKIGNMRQAH,ENV_HVIBR  306,IRIQRGPGRAFVTIGKIGNMRQAHCNIS,NTRKSIRIQRGPGRAFVTIGKIGNMRQA
154,SAPLPPHTTERIETRSARHPWRIRFGAPQ,POLS RUBVT  254,PHTTERIETRSARHPWRIRFGAPQAFLA,APLPPHTTERIETRSARHPWRIRFGAPQ
155,EGSDTITLPCRIKQIINMWQKVGKAMYAP,ENV_HVIH2   409,ITLPCRIKQIINMWQKVGKAMYAPPISG,GSDTITLPCRIKQIINMWQKVGKAMYAP
156,LRSLCLF SYHRLRDLLLIVTRIVELLGRRGW,ENV_HVIBR  765,SYHRLRDLLLIVTRIVELLGRRGWEALK,LCLFSYHRLRDLLLIVTRIVELLGRRG
157,GGELDRWEKIRLRPGGKKKYKLKHIVWASR,GAG_HVIBR  9,WEKIRLRPGGKKKYKLKHIVWASRELER,GELDRWEKIRLRPGGKKKYKLKHIVWAS
158,MHGRLVTLKDIVLDLQPPDPVG,VE7 HPV11    1,,
159,PPSQASSGQARMFPNAPYLPSCLESQPAI,WTl_HUMAN  116,SSGQARMFPNAPYLPSCLESQPAIRNQG,PSQASSGQARMFPNAPYLPSCLESQPAI
160,VSTVQCTHGIRPIVSTQLLLNGSLAEEEV,ENV_HVIA2  245,CTHGIRPIVSTQLLLNGSLAEEEVVIRS,STVQCTHGIRPIVSTQLLLNGSLAEEEV
161,SGCPERLASCRPLTDFDQGWGPISYANGSG,POLG_HCV1   450,LASCRPLTDFDQGWGPISYANGSGPDQR,GCPERLASCRPLTDFDQGWGPISYANGS
162,LNQSVEINCTRPNNNTRKSIRIQRGPGRAF,ENV_HVIBR  293,INCTRPNNNTRKSIRIQRGPGRAFVTIG,NQSVEINCTRPNNNTRKSIRIQRGPGRA
163,QEEEEVGFPVRPQVPLRPMTYKAALDISHFL,NEF HVIA2   65,FPVRPQVPLRPMTYKAALDISHFLKEKG,EEEVGFPVRPQVPLRPMTYKAALDISHF
164,QKIETAFLMARRARSLSAERYTLFFDLVSSG,EBN4 EBV    233,LMARRARSLSAERYTLFFDLVSSGNTLY,IETAFLMARRARSLSAERYTLFFDLVSS
165,ELEVECATQLRRFGDKLNFRQKLLNLISK,APR HUMAN  20,CATQLRRFGDKLNFRQKLLNLISKLFCS,LEVECATQLRRFGDKLNFRQKLLNLISK
166,GSDSPTLDNSRRLPIFSRLSISDD,TISB_HUMAN  315,,
167,GGLEGLIHSQRRQDILDLWIYHTQGYFPDW,NEF HVIPV   95,IHSQRRQDILDLWIYHTQGYFPDWQNYT,GLEGLIHSQRRQDILDLWIYHTQGYFPD
168,QNPVPVGNIYRRWIQLGLQKCVRMYNPTNI,GAG_HV2D2  250,GNIYRRWIQLGLQKCVRMYNPTNILDIK,NPVPVGNIYRRWIQLGLQKCVRMYNPTN
169,RLIVFPDLGVRVCEKMALYDVVTKLPLAV,POLG HCV1   2578,PDLGVRVCEKMALYDVVTKLPLAVMGSS,LIVFPDLGVRVCEKMALYDVVTKLPLAV
170,MRVKEKYQHLWRWGWRWGTM,ENV_HVIH2   1,,
171,MRVMAPRALLLLLSGGLALT,1C11_HUMAN  1,,
172,QLQARILAVERYLKDQQLLGIWGCSGKLI,ENV_HVIBR  580,ILAVERYLKDQQLLGIWGCSGKLICTTA,LQARILAVERYLKDQQLLGIWGCSGKLI
173,VGNIVQSCNPRYSIFFDYMAIHRSLTKI,EBN3 EBV    104,VQSCNPRYSIFFDYMAIHRSLTKIWEEV,VGNIVQSCNPRYSIFFDYMAIHRSLTKI
174,VDDLRAIAEESDEEEAIVAYTLATAGVSSSDS,VIEl_HCMVA  368,EESDEEEAIVAYTLATAGVSSSDSLVSP,DLRAIAEESDEEEAIVAYTLATAGVSSS
175,HYREVAAAKSSENDRLRLLLKQMCPSLDV,BZLF EBV    199,AAAKSSENDRLRLLLKQMCPSLDVDSII,YREVAAAKSSENDRLRLLLKQMCPSLDV
176,SGGDPEIVTHSFNCGGEFFYCNSTQLFNS,ENV_HVIH2   365,EIVTHSFNCGGEFFYCNSTQLFNSTWFN,GGDPEIVTHSFNCGGEFFYCNSTQLFNS
177,PGYAGMLGNSSHIPQSSSYCSLHPHERLS,ITF2 HUMAN  236,MLGNSSHIPQSSSYCSLHPHERLSYPSH,GYAGMLGNSSHIPQSSSYCSLHPHERLS
178,EKVTWTEAAGSIRDGVRAYTALHYLSHLS,QORL_HUMAN  115,TEAAGSIRDGVRAYTALHYLSHLSPGKS,KVTWTEAAGSIRDGVRAYTALHYLSHLS
179,GGSGTYCLNVSLADTNSLAVVSTQLIMPGQ,PM17 HUMAN  560,CLNVSLADTNSLAVVSTQLIMPGQEAGL,GSGTYCLNVSLADTNSLAVVSTQLIMPG
180,TVKTNSVPNMSLDQSVVELYTDTAFSWSV,OMIE CHLTR  167,SVPNMSLDQSVVELYTDTAFSWSVGARA,VKTNSVPNMSLDQSVVELYTDTAFSWSV
181,SSTQASLEIDSLFEGIDFYTSITRARFEEL,HS71_HUMAN  276,LEIDSLFEGIDFYTSITRARFEELCSDL,STQASLEIDSLFEGIDFYTSITRARFEE
182,SAGHTVSGFVSLLAPGAKQNVQLINTNGSWH,POLG HCV1   391,GFVSLLAPGAKQNVQLINTNGSWHLNST,GHTVSGFVSLLAPGAKQNVQLINTNGSW
183,LSISSCLQQLSLLMWITQCFLPVFLAQPPSG,CTGl_HUMAN  147,,ISSCLQQLSLLMWITQCFLPVFLAQPPS
184,STLPGNPAIASLMAFTAAVTSPLTTSQTL,POLG_HCV1   1779,NPAIASLMAFTAAVTSPLTTSQTLLFNI,TLPGNPAIASLMAFTAAVTSPLTTSQTL
185,SLTSAQSGDYSLVIVTTFVHYANFHNYFV,VGLH_EBV    215,QSGDYSLVIVTTFVHYANFHNYFVPNLK,LTSAQSGDYSLVIVTTFVHYANFHNYFV
186,WGVLAGIAYFSMVGNWAKVLVVLLLFAGV,POLG_HCV1   353,GIAYFSMVGNWAKVLVVLLLFAGVDAET,GVLAGIAYFSMVGNWAKVLVVLLLFAGV
187,RCALGVFRKFSRFPEALRLALMLNDMELV,PSD2_HUMAN  250,,CALGVFRKFSRFPEALRLALMLNDMELV
188,TMESSTLELRSRYWAIRTRSGGNTNQQRA,VNUC IAPUE   373,TLELRSRYWAIRTRSGGNTNQQRASAGQ,MESSTLELRSRYWAIRTRSGGNTNQQRA
189,AYLTLAKHTISSDYVIPIGTYGQMKNGSTPM,TYRO HUMAN  136,HTISSDYVIPIGTYGQMKNGSTPMFNDI,LTLAKHTISSDYVIPIGTYGQMKNGSTP
190,PAHLLQDDISSSYTTTTTITAPPPGVLQN,ACOD HUMAN  2,QDDISSSYTTTTTITAPPPGVLQNGGDK,AHLLQDDISSSYTTTTTITAPPPGVLQN
191,AYRPPNAPILSTLPETTVVRRRGRSPRRRTP,CORA HPBVJ  131,PILSTLPETTVVRRRGRSPRRRTPSPRR,RPPNAPILSTLPETTVVRRRGRSPRRRT
192,TSVPAAPPPASTNRQSGRQPTPLSPPLRD,VMSA HPBVJ  75,APPPASTNRQSGRQPTPLSPPLRDTHPQ,SVPAAPPPASTNRQSGRQPTPLSPPLRD
193,KTCPVQLWVDSTPPPGTRVRAMAIYKQSQ,P53 HUMAN   139,QLWVDSTPPPGTRVRAMAIYKQSQHMTE,TCPVQLWVDSTPPPGTRVRAMAIYKQSQ
194,NGKRLEPNWASVKKDLISYGGGWRLSAQW,POLG DEN3   1534,EPNWASVKKDLISYGGGWRLSAQWQKGE,GKRLEPNWASVKKDLISYGGGWRLSAQW
195,PKMFAKGTEITHAVVIKKLNEILQARGKK,IF38 HUMAN  315,KGTEITHAVVIKKLNEILQARGKKGTDR,KMFAKGTEITHAVVIKKLNEILQARGKK
196,QLQAQHLSHATHGPPVQLPPHPSGLQPP,TLE3 HUMAN  127,QHLSHATHGPPVQLPPHPSGLQPPGIPP,QLQAQHLSHATHGPPVQLPPHPSGLQPP
197,HHCKLTQVLNTHYVAPRRLLLTGTPLQNK,SN24 HUMAN  889,TQVLNTHYVAPRRLLLTGTPLQNKLPEL,HCKLTQVLNTHYVAPRRLLLTGTPLQNK
198,YPYRLWHYPCTINYTIFKIRMYVGGVEH,POLG_HCV1   611,LWHYPCTINYTIFKIRMYVGGVEHRLEA,YPYRLWHYPCTINYTIFKIRMYVGGVEH
199,VPLAHSSSAFTITDQVPFSVSVSQLRALDG,PM17 HUMAN  198,SSAFTITDQVPFSVSVSQLRALDGGNKH,PLAHSSSAFTITDQVPFSVSVSQLRALD
200,ALEGFDKADGTLDSQVMSLHNLVHSFLNG,TYR2 HUMAN  350,DKADGTLDSQVMSLHNLVHSFLNGTNAL,LEGFDKADGTLDSQVMSLHNLVHSFLNG
201,FQPLHT'VMRETLFIGSHVVLRELRLNVTT,VGLH EBV    410,VMRETLFIGSHVVLRELRLNVTTQGPN,PLHT'VMRETLFIGSHVVLRELRLNVTT
202,GCLLDRKAVGTPAGGGFPRRHSVTLPSSK,TISB_HUMAN  33,RKAVGTPAGGGFPRRHSVTLPSSKFHQN,CLLDRKAVGTPAGGGFPRRHSVTLPSSK
203,PGFQALSEGCTPYDINQMLNCVGDHQAAM,GAG_HV2BE  172,LSEGCTPYDINQMLNCVGDHQAAMQIIR,GFQALSEGCTPYDINQMLNCVGDHQAAM
204,QEILDLWIYHTQGYFPDWQNYTPGPGIRYPLT,NEF_HVIA2   111,IHSQRRQDILDLWIYHTQGYFPDWQNYT,ILDLWIYHTQGYFPDWQNYTPGPGIRYP
205,EPRGSDIAGTTSTLQEQIGWMTNNPPIPVG,GAG_HVIBR  229,IAGTTSTLQEQIGWMTNNPPIPVGEIYK,PRGSDIAGTTSTLQEQIGWMTNNPPIPV
206,KNQVAMNPTNTVFDAKRLIGRRFDDAVVQSD,HS7C HUMAN  56,PTNTVFDAKRLIGRRFDDAVVQSDMKHW,QVAMNPTNTVFDAKRLIGRRFDDAVVQS
207,PAGLKKKKSVTVLDVGDAYFSVPLDEDFR,POL_HVIBR  264,KKKSVTVLDVGDAYFSVPLDEDFRKYTA,AGLKKKKSVTVLDVGDAYFSVPLDEDFR
208,IAKITPNNNGTYACFVSNLATGRNNSIVK,CEA5_HUMAN  642,PNNNGTYACFVSNLATGRNNSIVKSITV,AKITPNNNGTYACFVSNLATGRNNSIVK
209,PVSPGDQLPGVFSDGRVACAPVPAPAGPI,EBN3 EBV    349,DQLPGVFSDGRVACAPVPAPAGPIVRPW,VSPGDQLPGVFSDGRVACAPVPAPAGPI
210,PGRGEPRFIAVGYVDDTQFVRFDSDAASQ,1A01 _HUMAN  39,PRFIAVGYVDDTQFVRFDSDAASQKMEP,GRGEPRFIAVGYVDDTQFVRFDSDAASQ
211,INEEAAEWDRVHPVHAGPIAPGQMREPRGS,GAG_HVIBR  204,EWDRVHPVHAGPIAPGQMREPRGSDIAG,NEEAAEWDRVHPVHAGPIAPGQMREPRG
212,LHGMDDPEREVLEWRFDSRLAFHHVARELH,NEF_HVIBR   170,PEREVLEWRFDSRLAFHHVARELHPEYF,HGMDDPEREVLEWRFDSRLAFHHVAREL
213,TMVAGAVWLTVMSNTLLSAWILTAGFLIFL,LMP2 EBV    432,VWLTVMSNTLLSAWILTAGFLIFLIGFA,MVAGAVWLTVMSNTLLSAWILTAGFLIF
214,TITDDVRVQEVPKLKVCALRVTSRARSRI,RL18 HUMAN  84,VRVQEVPKLKVCALRVTSRARSRILRAG,ITDDVRVQEVPKLKVCALRVTSRARSRI
215,VLDVGDAYFSVPLDKDFRKYTAFTIPSINN,POL_HVIA2   263,AYFSVPLDKDFRKYTAFTIPSINNETPG,LDVGDAYFSVPLDKDFRKYTAFTIPSIN
216,FPSTAQAQAAVQGPVGTDFKPLNSTPATT,2207_HUMAN  286,QAQAAVQGPVGTDFKPLNSTPATTTEPP,PSTAQAQAAVQGPVGTDFKPLNSTPATT
217,EQTRSKAGLLVSDGGPNLYNIRNLHIPEV,RRPl IAPUE   581,KAGLLVSDGGPNLYNIRNLHIPEVCLKW,QTRSKAGLLVSDGGPNLYNIRNLHIPEV
218,TEARDLHCLLVTNPHTDAWKSHGLVEVAS,G45B HUMAN  112,LHCLLVTNPHTDAWKSHGLVEVASYCEE,EARDLHCLLVTNPHTDAWKSHGLVEVAS
219,KKKYKLKHIVWASRELERFAVNPGLLETS,GAG_HVIBR  25,LKHIVWASRELERFAVNPGLLETSEGCR,KKYKLKHIVWASRELERFAVNPGLLETS
220,GKWSKSSVIGWPTVRERMRRAEPAADGV,NEF_HVILW  3,KSSVIGWPTVRERMRRAEPAADGVGAAS,GKWSKSSVIGWPTVRERMRRAEPAADGV
221,LAAMLRQLAQYHAKDPNNLFMVRLAQGLT,PSD2 HUMAN  741,,AAMLRQLAQYHAKDPNNLFMVRLAQGLT
222,TPPLITDYREYHTDTTVKFVVKMTEEKLA,TP2A HUMAN  950,TDYREYHTDTTVKFVVKMTEEKLAEAER,PPLITDYREYHTDTTVKFVVKMTEEKLA
223,LGFLQRTDLSYIKSFVSDALGTTSIQTPW,EBN3 EBV    148,RTDLSYIKSFVSDALGTTSIQTPWIDDN,GFLQRTDLSYIKSFVSDALGTTSIQTPW
224,FPVIFSKASEYLQLVFGIEVVEVVPISHLY,MAG2 HUMAN  147,KASEYLQLVFGIEVVEVVPISHLYILVT,PVIFSKASEYLQLVFGIEVVEVVPISHL
225,PQPPICTIDVYMIMVKCWMIDSECRPRFRE,ERB2 HUMAN  942,TIDVYMIMVKCWMIDSECRPRFRELVSE,QPPICTIDVYMIMVKCWMIDSECRPRFR
226,DVGAGVIDEDYRGNVGVVLFNFGKEKFEV,DUT_HUM AN 183,VIDEDYRGNVGVVLFNFGKEKFEVKKGD,VGAGVIDEDYRGNVGVVLFNFGKEKFEV
227,FLTLSILDRYYTPTISRERAVELLRKCLE,PSB2 HUMAN  137,ILDRYYTPTISRERAVELLRKCLEELQK,LTLSILDRYYTPTISRERAVELLRKCLE
228,KKFIRHQSDRYVKIKRNWRKPRGIDNRV,RL32 HUMAN  17,RHQSDRYVKIKRNWRKPRGIDNRVRRRF,KKFIRHQSDRYVKIKRNWRKPRGIDNRV
229,DPASRELVVSYVNVNMGLKIRQLLWFHIS,CORA HPBV0  78,ELVVSYVNVNMGLKIRQLLWFHISCLTF,PASRELVVSYVNVNMGLKIRQLLWFHIS
230,MSWRGRSTYYWPRPRRYVQPPEMIGPM,GGE4 HUMAN  1,RGRSTYYWPRPRRYVQPPEMIGPMRPEG,
