,Cleavage map,Reference
0,D↓WQN↓Y↓TPGVR↓Y↓PL↓TF↓GW↓CY↓KL↓V↓PEPDK,27
1,TGSTAV↓PYGSF↓KH↓V↓DT↓RLQ,28
2,MNGD↓DAF↓ARR↓PTV↓G↓A↓QIPEKIQ↓K↓A↓FD↓DIAKYFSKEEWEKMKA↓SEKIFYV↓Y↓M↓KRKYEAMT↓KL↓GF↓K↓A↓TL↓PPFM↓CN↓KRA↓EDFQGNDL↓DNDPNRGNQVER↓PQM↓T↓F↓G↓RL↓QGISPKI↓MPKKPAEEGNDSEEVPEAS↓GPQNDG↓KEL↓CPPGKPTTSEKIHE↓R↓SGPKRGEHAW↓TH↓RL↓RE↓R↓KQ↓L↓VIY↓E↓EISDPEEDDE,29
3,,
4,Cleavage samples ,Non-cleavage samples
5,QNYTPGPGVRYPLTFGWCYK,GPGVRYPLTFGWCYKLVPVE
6,NYTPGPGVRYPLTFGWCYKL,PGVRYPLTFGWCYKLVPVEP
7,TPGPGVRYPLTFGWCYKLVP,DWQNYTPGPGVRYPLTFGWC
8,GPGVRYPLTFGWCYKLVPVE,WQNTPGPGVRYPLTFGWCYK
9,GVRYPLTFGWCYKLVPVEPD,YTPGPGVRYPLTFGWCYKLV
10,MNGDDAFARRPTVGAQIPEK,AFARRPTVGAQIPEKIQKAF
11,DDAFARRPTVGAQIPEKIQK,RRPTVGAQIPEKIQKAFDDI
12,DAFARRPTVGAQIPEKIQKA,RPTVGAQIPEKIQKAFDDIA
13,AFARRPTVGAQIPEKIQKAF,ARRPTVGAQIPEKIQKAFDD
14,VGAQIPEKIQKAFDDIAKYF,RRPTVGAQIPEKIQKAFDDI
15,GAQIPEKIQKAFDDIAKYFS,RPTVGAQIPEKIQKAFDDIA
16,AQIPEKIQKAFDDIAKYFSK,TVGAQIPEKIQKAFDDIAKY
17,IPEKIQKAFDDIAKYFSKEE,IAKYFSKEEWEKMKASEKIF
18,SKEEWEKMKASEKIFYVYMK,EEWEKMKASEKIFYVYMKRK
19,MKASEKIFYVYMKRKYEAMT,EWEKMKASEKIFYVYMKRKY
20,KASEKIFYVYMKRKYEAMTK,WEKMKASEKIFYVYMKRKYE
21,ASEKIFYVYMKRKYEAMTKL,KIFYVYMKRKYEAMTKLGFK
22,YMKRKYEAMTKLGFKATLPP,FYVYMKRKYEAMTKLGFKAT
23,KRKYEAMTKLGFKATLPPFM,VYMKRKYEAMTKLGFKATLP
24,KYEAMTKLGFKATLPPFMCN,VYMKRKYEAMTKLGFKATLP
25,KYEAMTKLGFKATLPPFMCN,MKRKYEAMTKLGFKATLPPF
26,EAMTKLGFKATLPPFMCNKR,RKYEAMTKLGFKATLPPFMC
27,MTKLGFKATLPPFMCNKRAE,AMTKLGFKATLPPFMCNKRA
28,GFKATLPPFMCNKRAEDFQG,TKLGFKATLPPFMCNKRAED
29,KATLPPFMCNKRAEDFQGND,GFKATLPPFMCNKRAEDFQG
30,LPPFMCNKRAEDFQGNDLDN,FMCNKRAEDFQGNDLDNDPN
31,RAEDFQGNDLDNDPNRGNQV,NDLDNDPNRGNQVERPQMTF
32,DPNRGNQVERPQMTFGRLQG,DNDPNRGNQVERPQMTFGRL
33,RGNQVERPQMTFGRLQGISP,NDPNRGNQVERPQMTFGRLQ
34,GNQVERPQMTFGRLQGISPK,DPNRGNQVERPQMTFGRLQG
35,NQVERPQMTFGRLQGISPKI,PNRGNQVERPQMTFGRLQGI
36,QVERPQMTFGRLQGISPKIM,RGNQVERPQMTFGRLQGISP
37,ERPQMTFGRLQGISPKIMPK,PQMTFGRLQGISPKIMPKKP
38,GRLQGISPKIMPKKPAEEGN,PAEEGNDSEEVPEASGPQND
39,NDSEEVPEASGPQNDGKELC,DSEEVPEASGPQNDGKELCP
40,PEASGPQNDGKELCPPGKPT,EVPEASGPQNDGKELCPPGK
41,SGPQNDGKELCPPGKPTTSE,LCPPGKPTTSEKIHERSGPK
42,KPTTSEKIHERSGPKRGEHA,CPPGKPTTSEKIHERSGPKR
43,PTTSEKIHERSGPKRGEHAW,KIHERSGPKRGEHAWTHRLR
44,SGPKRGEHAWTHRLRERKQL,HERSGPKRGEHAWTHRLRER
45,PKRGEHAWTHRLRERKQLVI,RSGPKRGEHAWTHRLRERKQ
46,RGEHAWTHRLRERKQLVIYE,GPKRGEHAWTHRLRERKQLV
47,EHAWTHRLRERKQLVIYEEI,PKRGEHAWTHRLRERKQLVI
48,HAWTHRLRERKQLVIYEEIS,RGEHAWTHRLRERKQLVIYE
49,WTHRLRERKQLVIYEEISDP,GEHAWTHRLRERKQLVIYEE
50,THRLRERKQLVIYEEISDPE,AWTHRLRERKQLVIYEEISD
51,LRERKQLVIYEEISDPEEDD,WTHRLRERKQLVIYEEISDP
52,RERKQLVIYEEISDPEEDDE,
